{
    "discounted_return": [
        -0.8459257441907708, 
        -0.9948462247926809, 
        -0.9948462247926809, 
        -0.9948462247926809, 
        -0.9948462247926809, 
        -0.9948462247926809, 
        -0.9793091419952054, 
        -0.9948462247926809, 
        -0.9948462247926809, 
        -0.9948462247926809, 
        -0.9948462247926809, 
        -0.9948462247926809, 
        -0.9948462247926809, 
        -0.9948462247926809, 
        -0.9948462247926809, 
        -0.11444165174770497, 
        -0.9948462247926809, 
        -0.9948462247926809, 
        -0.9948462247926809, 
        -0.9948462247926809, 
        -0.8985956938828885, 
        -0.7618544165592006, 
        -0.9948462247926809, 
        -0.9948462247926809, 
        -0.529377985846452, 
        -0.9948462247926809, 
        -0.9948462247926809, 
        -0.9948462247926809, 
        -0.9948462247926809, 
        -0.9948462247926809, 
        -0.41898516771166944, 
        -0.9948462247926809, 
        -0.774902949558602, 
        -0.5764401872618071, 
        -0.9948462247926809, 
        -0.529377985846452, 
        -0.774902949558602, 
        -0.9948462247926809, 
        -0.9948462247926809, 
        -0.9948462247926809, 
        -0.9948462247926809
    ], 
    "learning_episode": [
        0, 
        10, 
        20, 
        30, 
        40, 
        50, 
        60, 
        70, 
        80, 
        90, 
        100, 
        110, 
        120, 
        130, 
        140, 
        150, 
        160, 
        170, 
        180, 
        190, 
        200, 
        210, 
        220, 
        230, 
        240, 
        250, 
        260, 
        270, 
        280, 
        290, 
        300, 
        310, 
        320, 
        330, 
        340, 
        350, 
        360, 
        370, 
        380, 
        390, 
        400
    ], 
    "learning_steps": [
        0, 
        500, 
        1000, 
        1491, 
        1991, 
        2491, 
        2989, 
        3489, 
        3983, 
        4483, 
        4983, 
        5451, 
        5951, 
        6451, 
        6951, 
        7451, 
        7951, 
        8420, 
        8890, 
        9362, 
        9835, 
        10335, 
        10745, 
        11245, 
        11705, 
        12186, 
        12686, 
        13163, 
        13663, 
        14146, 
        14646, 
        15119, 
        15586, 
        16075, 
        16523, 
        17015, 
        17512, 
        17990, 
        18473, 
        18933, 
        19338
    ], 
    "learning_time": [
        0, 
        0, 
        0, 
        0, 
        0, 
        0, 
        0, 
        0, 
        0, 
        0, 
        0, 
        0, 
        0, 
        0, 
        0, 
        0, 
        0, 
        0, 
        0, 
        0, 
        0, 
        0, 
        0, 
        0, 
        0, 
        0, 
        0, 
        0, 
        0, 
        0, 
        0, 
        0, 
        0, 
        0, 
        0, 
        0, 
        0, 
        0, 
        0, 
        0, 
        0
    ], 
    "num_features": [
        0, 
        224, 
        363, 
        483, 
        562, 
        641, 
        696, 
        766, 
        835, 
        922, 
        950, 
        1006, 
        1091, 
        1105, 
        1164, 
        1230, 
        1285, 
        1318, 
        1360, 
        1392, 
        1451, 
        1503, 
        1535, 
        1595, 
        1651, 
        1694, 
        1736, 
        1767, 
        1822, 
        1845, 
        1882, 
        1896, 
        1912, 
        1926, 
        1940, 
        1973, 
        1982, 
        1994, 
        2004, 
        2017, 
        2034
    ], 
    "return": [
        -3.1149999999999998, 
        -4.999999999999999, 
        -4.999999999999999, 
        -4.999999999999999, 
        -4.999999999999999, 
        -4.999999999999999, 
        -3.144999999999999, 
        -4.999999999999999, 
        -4.999999999999999, 
        -4.999999999999999, 
        -4.999999999999999, 
        -4.999999999999999, 
        -4.999999999999999, 
        -4.999999999999999, 
        -4.999999999999999, 
        3.1000000000000005, 
        -4.999999999999999, 
        -4.999999999999999, 
        -4.999999999999999, 
        -4.999999999999999, 
        -3.5, 
        -1.5799999999999994, 
        -4.999999999999999, 
        -4.999999999999999, 
        2.4999999999999996, 
        -4.999999999999999, 
        -4.999999999999999, 
        -4.999999999999999, 
        -4.999999999999999, 
        -4.999999999999999, 
        2.700000000000001, 
        -4.999999999999999, 
        1.7999999999999978, 
        2.399999999999999, 
        -4.999999999999999, 
        2.4999999999999996, 
        1.7999999999999978, 
        -4.999999999999999, 
        -4.999999999999999, 
        -4.999999999999999, 
        -4.999999999999999
    ], 
    "seed": 1, 
    "steps": [
        43.65, 
        50.0, 
        50.0, 
        50.0, 
        50.0, 
        50.0, 
        48.95, 
        50.0, 
        50.0, 
        50.0, 
        50.0, 
        50.0, 
        50.0, 
        50.0, 
        50.0, 
        19.0, 
        50.0, 
        50.0, 
        50.0, 
        50.0, 
        45.0, 
        38.3, 
        50.0, 
        50.0, 
        25.0, 
        50.0, 
        50.0, 
        50.0, 
        50.0, 
        50.0, 
        23.0, 
        50.0, 
        32.0, 
        26.0, 
        50.0, 
        25.0, 
        32.0, 
        50.0, 
        50.0, 
        50.0, 
        50.0
    ], 
    "terminated": [
        0.25, 
        0.0, 
        0.0, 
        0.0, 
        0.0, 
        0.0, 
        0.34999999999999998, 
        0.0, 
        0.0, 
        0.0, 
        0.0, 
        0.0, 
        0.0, 
        0.0, 
        0.0, 
        1.0, 
        0.0, 
        0.0, 
        0.0, 
        0.0, 
        0.20000000000000001, 
        0.45000000000000001, 
        0.0, 
        0.0, 
        1.0, 
        0.0, 
        0.0, 
        0.0, 
        0.0, 
        0.0, 
        1.0, 
        0.0, 
        1.0, 
        1.0, 
        0.0, 
        1.0, 
        1.0, 
        0.0, 
        0.0, 
        0.0, 
        0.0
    ]
}