{
    "discounted_return": [
        0.11825157498503128, 
        0.13593131669785222, 
        0.14474673688717579, 
        0.14479087436086988, 
        0.12776154201491263, 
        0.14791772535963257, 
        0.15286033347642874, 
        0.14586982580304941, 
        0.13464527019836584, 
        0.15498191753555593, 
        0.15443120469215416
    ], 
    "learning_episode": [
        0, 
        140, 
        280, 
        420, 
        560, 
        700, 
        840, 
        980, 
        1120, 
        1260, 
        1400
    ], 
    "learning_steps": [
        0, 
        6950, 
        13950, 
        20950, 
        27950, 
        34950, 
        41950, 
        48950, 
        55950, 
        62950, 
        69950
    ], 
    "learning_time": [
        0, 
        0, 
        0, 
        0, 
        0, 
        0, 
        0, 
        0, 
        0, 
        0, 
        0
    ], 
    "num_features": [
        0, 
        1127, 
        1409, 
        1549, 
        1693, 
        1783, 
        1832, 
        1892, 
        1969, 
        2055, 
        2106
    ], 
    "return": [
        0.23109339937924389, 
        0.68296601056918849, 
        0.78301956434903475, 
        0.78685219799713779, 
        0.24811505033580089, 
        0.78890184480877157, 
        0.7952532561816823, 
        0.79288788377230723, 
        0.65697871751548031, 
        0.82338819189647516, 
        0.82264887292412825
    ], 
    "seed": 1, 
    "steps": [
        50.0, 
        50.0, 
        50.0, 
        50.0, 
        50.0, 
        50.0, 
        50.0, 
        50.0, 
        50.0, 
        50.0, 
        50.0
    ], 
    "terminated": [
        0.0, 
        0.0, 
        0.0, 
        0.0, 
        0.0, 
        0.0, 
        0.0, 
        0.0, 
        0.0, 
        0.0, 
        0.0
    ]
}