{
    "discounted_return": [
        0.11825157498503128, 
        0.13593131669785222, 
        0.13593131669785222, 
        0.14479997460426267, 
        0.13678994834335981, 
        0.13678994834335981, 
        0.13623987154600986, 
        0.13678994834335981, 
        0.13678994834335981, 
        0.14479087436086988, 
        0.13612235351151941
    ], 
    "learning_episode": [
        0, 
        40, 
        80, 
        120, 
        160, 
        200, 
        240, 
        280, 
        320, 
        360, 
        400
    ], 
    "learning_steps": [
        0, 
        2000, 
        4000, 
        6000, 
        8000, 
        10000, 
        12000, 
        14000, 
        16000, 
        18000, 
        20000
    ], 
    "learning_time": [
        0, 
        0, 
        0, 
        0, 
        0, 
        0, 
        0, 
        0, 
        0, 
        0, 
        0
    ], 
    "num_features": [
        0, 
        560, 
        820, 
        1005, 
        1182, 
        1279, 
        1345, 
        1429, 
        1464, 
        1469, 
        1531
    ], 
    "return": [
        0.23109339937924389, 
        0.68296601056918849, 
        0.68296601056918849, 
        0.78726086031620912, 
        0.68749292571254428, 
        0.68749292571254428, 
        0.68144139956425831, 
        0.68749292571254428, 
        0.68749292571254428, 
        0.78685219799713779, 
        0.66980480644095808
    ], 
    "seed": 1, 
    "steps": [
        50.0, 
        50.0, 
        50.0, 
        50.0, 
        50.0, 
        50.0, 
        50.0, 
        50.0, 
        50.0, 
        50.0, 
        50.0
    ], 
    "terminated": [
        0.0, 
        0.0, 
        0.0, 
        0.0, 
        0.0, 
        0.0, 
        0.0, 
        0.0, 
        0.0, 
        0.0, 
        0.0
    ]
}