{
    "discounted_return": [
        0.11825157498503128, 
        1.1460639040837814, 
        0.081319217978426658, 
        0.076079228581266548, 
        1.3853696325379614, 
        0.074318457348936343, 
        0.08942605415242863, 
        0.13678994834335981, 
        0.065817391974083345, 
        1.3806398928101298, 
        0.087083068244636866
    ], 
    "learning_episode": [
        0, 
        1400, 
        2800, 
        4200, 
        5600, 
        7000, 
        8400, 
        9800, 
        11200, 
        12600, 
        14000
    ], 
    "learning_steps": [
        0, 
        69632, 
        135432, 
        203426, 
        272002, 
        339096, 
        402550, 
        469869, 
        534447, 
        601001, 
        669367
    ], 
    "learning_time": [
        0, 
        0, 
        0, 
        0, 
        0, 
        0, 
        0, 
        0, 
        0, 
        0, 
        0
    ], 
    "num_features": [
        0, 
        2730, 
        3877, 
        4465, 
        4990, 
        5478, 
        5831, 
        6186, 
        6458, 
        6699, 
        6923
    ], 
    "return": [
        0.23109339937924389, 
        5.2152185303802536, 
        -0.42038294694322076, 
        -0.50325062397897369, 
        5.2078238590121364, 
        -0.36593567542296501, 
        0.26175805860308249, 
        0.68749292571254428, 
        -0.56848092908532988, 
        5.1944190923576627, 
        -0.42260034511708178
    ], 
    "seed": 1, 
    "steps": [
        50.0, 
        16.0, 
        50.0, 
        50.0, 
        14.0, 
        49.7, 
        50.0, 
        50.0, 
        50.0, 
        14.0, 
        50.0
    ], 
    "terminated": [
        0.0, 
        1.0, 
        0.0, 
        0.0, 
        1.0, 
        0.050000000000000003, 
        0.0, 
        0.0, 
        0.0, 
        1.0, 
        0.0
    ]
}